{
    "preset": "psr12",
    "rules": {
        "array_syntax": {
            "syntax": "short"
        },
        "binary_operator_spaces": {
            "default": "single_space"
        },
        "blank_line_after_namespace": true,
        "blank_line_after_opening_tag": true,
        "blank_line_before_statement": {
            "statements": [
                "return"
            ]
        },
        "braces": {
            "allow_single_line_closure": true
        },
        "cast_spaces": {
            "space": "none"
        },
        "class_attributes_separation": {
            "elements": {
                "const": "one",
                "method": "one",
                "property": "one"
            }
        },
        "class_definition": {
            "multi_line_extends_each_single_line": false,
            "single_item_single_line": false,
            "single_line": false
        },
        "concat_space": {
            "spacing": "none"
        },
        "constant_case": {
            "case": "lower"
        },
        "declare_equal_normalize": {
            "space": "none"
        },
        "elseif": true,
        "encoding": true,
        "full_opening_tag": true,
        "fully_qualified_strict_types": true,
        "function_declaration": true,
        "function_typehint_space": true,
        "general_phpdoc_tag_rename": true,
        "heredoc_to_nowdoc": true,
        "include": true,
        "increment_style": {
            "style": "post"
        },
        "indentation_type": true,
        "linebreak_after_opening_tag": true,
        "line_ending": true,
        "lowercase_cast": true,
        "lowercase_keywords": true,
        "lowercase_static_reference": true,
        "magic_method_casing": true,
        "magic_constant_casing": true,
        "method_argument_space": {
            "on_multiline": "ensure_fully_multiline"
        },
        "method_chaining_indentation": true,
        "multiline_whitespace_before_semicolons": {
            "strategy": "no_multi_line"
        },
        "native_function_casing": true,
        "native_function_type_declaration_casing": true,
        "new_with_braces": true,
        "no_alias_functions": true,
        "no_alias_language_construct_call": true,
        "no_alternative_syntax": true,
        "no_binary_string": true,
        "no_blank_lines_after_class_opening": true,
        "no_blank_lines_after_phpdoc": true,
        "no_closing_tag": true,
        "no_empty_phpdoc": true,
        "no_empty_statement": true,
        "no_extra_blank_lines": {
            "tokens": [
                "extra",
                "parenthesis_brace_block",
                "square_brace_block",
                "curly_brace_block"
            ]
        },
        "no_leading_import_slash": true,
        "no_leading_namespace_whitespace": true,
        "no_mixed_echo_print": {
            "use": "echo"
        },
        "no_multiline_whitespace_around_double_arrow": true,
        "no_short_bool_cast": true,
        "no_singleline_whitespace_before_semicolons": true,
        "no_space_around_double_colon": true,
        "no_spaces_after_function_name": true,
        "no_spaces_around_offset": {
            "positions": [
                "inside",
                "outside"
            ]
        },
        "no_spaces_inside_parenthesis": true,
        "no_trailing_comma_in_singleline": {
            "elements": [
                "arguments",
                "array_destructuring",
                "array",
                "group_import"
            ]
        },
        "no_trailing_whitespace": true,
        "no_trailing_whitespace_in_comment": true,
        "no_unneeded_control_parentheses": {
            "statements": [
                "break",
                "clone",
                "continue",
                "echo_print",
                "return",
                "switch_case",
                "yield"
            ]
        },
        "no_unneeded_curly_braces": {
            "namespaces": true
        },
        "no_unneeded_final_method": true,
        "no_unused_imports": true,
        "no_whitespace_before_comma_in_array": true,
        "no_whitespace_in_blank_line": true,
        "normalize_index_brace": true,
        "not_operator_with_successor_space": true,
        "object_operator_without_whitespace": true,
        "ordered_imports": {
            "sort_algorithm": "alpha"
        },
        "phpdoc_indent": true,
        "phpdoc_inline_tag_normalizer": true,
        "phpdoc_no_access": true,
        "phpdoc_no_package": true,
        "phpdoc_no_useless_inheritdoc": true,
        "phpdoc_scalar": true,
        "phpdoc_separation": true,
        "phpdoc_single_line_var_spacing": true,
        "phpdoc_summary": true,
        "phpdoc_tag_type": {
            "tags": {
                "inheritDoc": "inline"
            }
        },
        "phpdoc_trim": true,
        "phpdoc_types": true,
        "phpdoc_var_without_name": true,
        "psr_autoloading": true,
        "return_type_declaration": {
            "space_before": "none"
        },
        "semicolon_after_instruction": true,
        "short_scalar_cast": true,
        "single_blank_line_at_eof": true,
        "single_class_element_per_statement": {
            "elements": [
                "const",
                "property"
            ]
        },
        "single_import_per_statement": {
            "group_to_single_imports": true
        },
        "single_line_after_imports": true,
        "single_line_comment_style": {
            "comment_types": [
                "hash"
            ]
        },
        "single_quote": {
            "strings_containing_single_quote_chars": false
        },
        "space_after_semicolon": {
            "remove_in_empty_for_expressions": true
        },
        "standardize_not_equals": true,
        "statement_indentation": {
            "stick_comment_to_next_continuous_control_statement": true
        },
        "switch_case_semicolon_to_colon": true,
        "switch_case_space": true,
        "ternary_operator_spaces": true,
        "trailing_comma_in_multiline": {
            "after_heredoc": true,
            "elements": [
                "arguments",
                "arrays",
                "match",
                "parameters"
            ]
        },
        "trim_array_spaces": true,
        "unary_operator_spaces": true,
        "visibility_required": {
            "elements": [
                "property",
                "method",
                "const"
            ]
        },
        "whitespace_after_comma_in_array": true,
        "yoda_style": {
            "always_move_variable": false,
            "equal": false,
            "identical": false,
            "less_and_greater": false
        }
    },
    "exclude": [
        "vendor",
        "storage",
        "bootstrap/cache"
    ]
}